{
    "openapi": "3.0.0",
    "info": {
        "title": "GetSingleCourse",
        "version": "1.0.0"
    },
    "servers": [
        {
            "url": "https://oic-std-internal-huron-axn5cp0f6m2y-px.integration.ocp.oraclecloud.com/ic/builder/design/Student_Course_details/1.0/resources/data",
            "description": "Ic Builder Design Student Course Details 1.0 Resources"
        }
    ],
    "paths": {
        "/CourseDetails": {
            "get": {
                "operationId": "getData",
                "responses": {
                    "default": {
                        "description": "Response for default",
                        "content": {
                            "application/json": {
                                "schema": {
                                    "$ref": "#/components/schemas/GetCourseDetails"
                                },
                                "examples": {
                                    "vb": {
                                        "summary": "Example stored by VB User",
                                        "externalValue": "./examples/getData/response_default_application_json_vb.json"
                                    }
                                }
                            }
                        }
                    }
                },
                "x-vb": {
                    "actionHint": "getMany"
                }
            }
        }
    },
    "components": {
        "schemas": {
            "GetCourseDetails": {
                "type": "object",
                "properties": {
                    "items": {
                        "type": "array",
                        "items": {
                            "type": "object",
                            "properties": {
                                "id": {
                                    "type": "integer"
                                },
                                "creationDate": {
                                    "type": "string"
                                },
                                "lastUpdateDate": {
                                    "type": "string"
                                },
                                "createdBy": {
                                    "type": "string"
                                },
                                "lastUpdatedBy": {
                                    "type": "string"
                                },
                                "courseId": {
                                    "type": "integer"
                                },
                                "courseName": {
                                    "type": "string"
                                },
                                "totalStudents": {
                                    "type": "string"
                                },
                                "remainingSeats": {
                                    "nullable": true
                                },
                                "fees": {
                                    "type": "integer"
                                },
                                "teacher": {
                                    "type": "string"
                                },
                                "links": {
                                    "type": "array",
                                    "items": {
                                        "type": "object",
                                        "properties": {
                                            "rel": {
                                                "type": "string"
                                            },
                                            "href": {
                                                "type": "string"
                                            },
                                            "name": {
                                                "type": "string"
                                            },
                                            "kind": {
                                                "type": "string"
                                            },
                                            "properties": {
                                                "type": "object",
                                                "properties": {
                                                    "changeIndicator": {
                                                        "type": "string"
                                                    }
                                                }
                                            }
                                        }
                                    }
                                }
                            }
                        }
                    },
                    "count": {
                        "type": "integer"
                    },
                    "hasMore": {
                        "type": "boolean"
                    },
                    "limit": {
                        "type": "integer"
                    },
                    "offset": {
                        "type": "integer"
                    },
                    "links": {
                        "type": "array",
                        "items": {
                            "type": "object",
                            "properties": {
                                "rel": {
                                    "type": "string"
                                },
                                "href": {
                                    "type": "string"
                                },
                                "name": {
                                    "type": "string"
                                },
                                "kind": {
                                    "type": "string"
                                }
                            }
                        }
                    }
                }
            }
        }
    }
}