{
    "openapi": "3.0.0",
    "info": {
        "title": "GetAllCourse",
        "version": "1.0.0"
    },
    "servers": [
        {
            "url": "https://oic-std-internal-huron-axn5cp0f6m2y-px.integration.ocp.oraclecloud.com/ic/builder/design/Student_Course_details/1.0/resources/data",
            "description": "Ic Builder Design Student Course Details 1.0 Data"
        }
    ],
    "paths": {
        "/CourseDetails/{courseId}": {
            "get": {
                "operationId": "getCourseDetailsCourseId",
                "parameters": [
                    {
                        "name": "courseId",
                        "in": "path",
                        "required": true,
                        "schema": {
                            "type": "string"
                        }
                    }
                ],
                "responses": {
                    "default": {
                        "description": "Response for default",
                        "content": {
                            "application/json": {
                                "schema": {
                                    "$ref": "#/components/schemas/GetCourseDetailsCourseId"
                                },
                                "examples": {
                                    "vb": {
                                        "summary": "Example stored by VB User",
                                        "externalValue": "./examples/getCourseDetailsCourseId/response_default_application_json_vb.json"
                                    }
                                }
                            }
                        }
                    }
                },
                "x-vb": {
                    "actionHint": "getOne"
                }
            }
        }
    },
    "components": {
        "schemas": {
            "GetCourseDetailsCourseId": {
                "type": "object",
                "properties": {
                    "id": {
                        "type": "integer"
                    },
                    "creationDate": {
                        "type": "string"
                    },
                    "lastUpdateDate": {
                        "type": "string"
                    },
                    "createdBy": {
                        "type": "string"
                    },
                    "lastUpdatedBy": {
                        "type": "string"
                    },
                    "courseId": {
                        "type": "integer"
                    },
                    "courseName": {
                        "type": "string"
                    },
                    "totalStudents": {
                        "type": "string"
                    },
                    "remainingSeats": {
                        "nullable": true
                    },
                    "fees": {
                        "type": "integer"
                    },
                    "teacher": {
                        "type": "string"
                    },
                    "links": {
                        "type": "array",
                        "items": {
                            "type": "object",
                            "properties": {
                                "rel": {
                                    "type": "string"
                                },
                                "href": {
                                    "type": "string"
                                },
                                "name": {
                                    "type": "string"
                                },
                                "kind": {
                                    "type": "string"
                                },
                                "properties": {
                                    "type": "object",
                                    "properties": {
                                        "changeIndicator": {
                                            "type": "string"
                                        }
                                    }
                                }
                            }
                        }
                    }
                }
            }
        }
    }
}