{
    "fields": [
        {
            "displayLabel": "Id",
            "internal": true,
            "key": true,
            "name": "id",
            "oid": "c4ed2fdf-2146-43c0-9d8d-2ecf967d5774",
            "required": true,
            "type": "number",
            "unique": true
        },
        {
            "displayLabel": "Created",
            "internal": true,
            "name": "creationDate",
            "oid": "250db861-60c8-4500-b156-5ed363d755a0",
            "type": "datetime"
        },
        {
            "displayLabel": "Last Updated",
            "internal": true,
            "name": "lastUpdateDate",
            "oid": "c1d9abc5-a366-41ce-9314-4a101b6898d6",
            "type": "datetime"
        },
        {
            "displayLabel": "Created By",
            "internal": true,
            "name": "createdBy",
            "oid": "8c329df8-7b27-47e7-ab71-5dc7097b8aae",
            "type": "string"
        },
        {
            "displayLabel": "Last Updated By",
            "internal": true,
            "name": "lastUpdatedBy",
            "oid": "61784505-c27c-43c1-8275-355f2ee02098",
            "type": "string"
        },
        {
            "displayLabel": "<internal>",
            "hidden": true,
            "internal": true,
            "name": "abcsChangeNumber",
            "oid": "02a3f88d-d18c-44fe-af23-8d2a0bd56f84",
            "type": "number"
        },
        {
            "name": "courseName",
            "oid": "4c6d1c2a-53e0-4612-bba4-85468c8b9c92",
            "displayLabel": "Course Name",
            "type": "string"
        },
        {
            "name": "totalStudents",
            "oid": "518ce29f-b92e-49f2-8c0a-6e6bf1f8abe0",
            "displayLabel": "Total Students",
            "type": "string"
        },
        {
            "name": "remainingSeats",
            "oid": "79d3b7ec-d840-45b9-b01c-a94d7488bcce",
            "displayLabel": "Remaining Seats",
            "type": "number"
        },
        {
            "name": "fees",
            "oid": "6ba00338-1d0e-4f7b-9c62-4e4d587ee41a",
            "displayLabel": "Fees",
            "type": "number"
        },
        {
            "name": "teacher",
            "oid": "b2cf2837-5c5a-4bb1-93b7-940fa82059ea",
            "displayLabel": "Teacher",
            "type": "string"
        }
    ],
    "name": "CourseDetails",
    "oid": "e5d17bf3-64c7-4470-babb-f51e8a147c2b",
    "displayLabel": "CourseDetails"
}