{
    "fields": [
        {
            "displayLabel": "Id",
            "internal": true,
            "key": true,
            "name": "id",
            "oid": "0645ba2c-0f56-4962-8ebb-b275fb0bd38d",
            "required": true,
            "type": "number",
            "unique": true
        },
        {
            "displayLabel": "Created",
            "internal": true,
            "name": "creationDate",
            "oid": "08386319-ca61-4500-9d6f-26744dd5e371",
            "type": "datetime"
        },
        {
            "displayLabel": "Last Updated",
            "internal": true,
            "name": "lastUpdateDate",
            "oid": "5accddd6-bcb9-4232-8c3f-2826b8f33cbb",
            "type": "datetime"
        },
        {
            "displayLabel": "Created By",
            "internal": true,
            "name": "createdBy",
            "oid": "eca308d9-0f18-44ee-b052-ccaf52e4e1f7",
            "type": "string"
        },
        {
            "displayLabel": "Last Updated By",
            "internal": true,
            "name": "lastUpdatedBy",
            "oid": "036e2225-602d-49fe-8b14-14b1f32d2e6b",
            "type": "string"
        },
        {
            "displayLabel": "<internal>",
            "hidden": true,
            "internal": true,
            "name": "abcsChangeNumber",
            "oid": "dd8c1111-e07e-48f3-83a4-1d5db698ded6",
            "type": "number"
        },
        {
            "name": "studentName",
            "oid": "2c4af6d2-fee7-4840-98d1-496ebb18e0b7",
            "displayLabel": "Student Name",
            "type": "string"
        },
        {
            "name": "studentId",
            "oid": "ca6ea0ef-5204-436b-b621-b55fa6c715e7",
            "displayLabel": "Student Id",
            "type": "number"
        },
        {
            "name": "courseId",
            "oid": "3d3ba517-4c71-4d1b-a26c-495d0387a7c4",
            "displayLabel": "Course Id",
            "type": "number"
        },
        {
            "name": "feesPaid",
            "oid": "085955a1-4975-4bf4-bb62-502836909bc7",
            "displayLabel": "Fees paid",
            "type": "number"
        },
        {
            "name": "remainingFees",
            "oid": "476c6924-87bd-44ca-914d-bd476063243d",
            "displayLabel": "RemainingFees",
            "type": "number"
        }
    ],
    "name": "StudentDetails",
    "oid": "dc4eb654-ce86-42a7-9411-94197f686d81",
    "displayLabel": "StudentDetails"
}